{
  "IcoMoonType": "selection",
  "icons": [
    {
      "icon": {
        "paths": [
          "M604.549 284.166l154.028-139.277-72.289 228.183 236.155-39.068-184.177 152.874 219.784 94.804-237.594 29.035 133.638 198.578-215.571-104.020 0.674 31.705 4.407 207.6-125.122-204.061-125.109 204.061 4.394-207.6 0.674-31.705-215.584 104.020 133.651-198.578-237.581-29.035 219.771-94.804-184.177-152.874 236.155 39.068-72.289-228.183 177.554 160.535 8.296-30.59 54.246-200.458 62.568 231.048 23.513-21.271z"
        ],
        "attrs": [
          {
            "fill": "none",
            "strokeLinejoin": "miter",
            "strokeLinecap": "butt",
            "strokeMiterlimit": "4",
            "strokeWidth": 38.88607594936709
          }
        ],
        "width": 1037,
        "isMulticolor": false,
        "isMulticolor2": false,
        "grid": 0,
        "tags": [
          "icon-section"
        ],
        "colorPermutations": {}
      },
      "attrs": [
        {
          "fill": "none",
          "strokeLinejoin": "miter",
          "strokeLinecap": "butt",
          "strokeMiterlimit": "4",
          "strokeWidth": 38.88607594936709
        }
      ],
      "properties": {
        "order": 39,
        "id": 0,
        "name": "icon-section",
        "prevSize": 32
      },
      "setIdx": 0,
      "setId": 13,
      "iconIdx": 0
    }
  ],
  "height": 1024,
  "preferences": {
    "showGlyphs": true,
    "showQuickUse": true,
    "showQuickUse2": true,
    "showSVGs": true,
    "fontPref": {
      "prefix": "icon-",
      "metadata": {
        "fontFamily": "icomoon"
      },
      "metrics": {
        "emSize": 1024,
        "baseline": 6.25,
        "whitespace": 50
      },
      "embed": false
    },
    "imagePref": {
      "prefix": "icon",
      "png": false,
      "useClassSelector": false,
      "color": 0,
      "bgColor": 16777215,
      "classSelector": ".icon",
      "name": "icomoon",
      "height": 32,
      "columns": 16,
      "margin": 16
    },
    "historySize": 50,
    "showCodes": true,
    "gridSize": 16
  }
}